# anchorsX, anchorsY
3.790954059666760713e+03,5.033693246976686169e+02
3.791276516319353050e+03,6.699597092488389762e+02
3.791864596121512477e+03,8.748001393174986333e+02
3.792149183611471472e+03,9.085965516509206736e+02
3.797465405701233522e+03,7.716145968841751710e+02
3.803550214604493704e+03,7.539972907932467479e+02
3.804279777631139495e+03,7.665310152918228823e+02
3.806869269497731693e+03,7.178322783040136983e+02
3.809803616273003627e+03,6.635926346711859196e+02
3.811303419337949890e+03,6.396821757289905008e+02
3.812384151775435839e+03,6.248574172020231572e+02
3.818945044319533736e+03,5.659655114279778445e+02
3.823482531934600047e+03,5.664689399044598304e+02
3.824209540322175599e+03,5.310037063259879915e+02
3.829213063013963620e+03,3.319743672274213964e+02
3.831180523274908865e+03,2.983440992940091974e+02
3.837152965514831067e+03,3.999801466755355364e+02
3.843660327869929461e+03,8.023516902427145396e+02
3.848483906705696882e+03,9.624502709319184532e+02
3.852908696215552027e+03,9.054661534104566272e+02
3.864125048956195315e+03,9.810916501602855533e+02
3.868438786963824441e+03,1.115936185747913896e+03
3.875322348779049207e+03,1.113189187825656973e+03
3.875839432619979107e+03,1.107505700848063952e+03
3.881823227741538176e+03,9.703873368955917158e+02
3.884957888753768657e+03,1.007785896378478355e+03
3.893097783567589431e+03,1.296882536843775824e+03
3.898126426292265933e+03,1.178977920496736260e+03
3.909050632266752473e+03,1.238044022083576010e+03
3.910093870265955502e+03,1.291719711784143556e+03
3.912520474909046698e+03,1.378774972287792934e+03
3.913597273546988617e+03,1.396240973429114547e+03
3.915745229431622192e+03,1.439600743749656885e+03
3.918665465869331456e+03,1.329136730156800240e+03
3.925697325570604335e+03,8.855340994666941015e+02
3.925991957491098219e+03,8.671623589003597772e+02
3.934480290644274191e+03,6.928372568918331353e+02
3.941225011384025947e+03,8.601426696364230793e+02
3.943039584379472217e+03,9.572691933500316281e+02
3.947197841004171096e+03,1.183224639738093856e+03
3.950260117718814854e+03,1.309226485386673630e+03
3.954650226800909422e+03,1.394522192943006758e+03
3.955745217570230579e+03,1.387255575449907383e+03
3.959850831867424859e+03,1.136356823659697739e+03
3.976614375874347843e+03,1.187580504585748031e+03
3.980190656836207836e+03,1.514613916548830048e+03
3.980834596109425547e+03,1.582032535041902975e+03
3.983756866106101825e+03,1.799181717917108926e+03
3.989315090410381799e+03,2.009767436756568486e+03
3.995254187786397779e+03,2.240650130207194252e+03
4.000828453404174070e+03,2.239980951041316075e+03
4.003217897020275814e+03,2.249844700474004185e+03
4.004319657281095260e+03,2.266337879956618963e+03
4.009204437727611548e+03,2.363175015782727769e+03
4.012167607568984749e+03,2.440619976027030134e+03
4.013847486044652214e+03,2.514513480186216839e+03
4.020661207129361628e+03,2.550766936564375555e+03
4.021626916168218941e+03,2.563115823245851971e+03
4.024042203670196159e+03,2.592019292475734346e+03
4.027634269171926462e+03,2.579957000901029460e+03
4.029078712561796237e+03,2.605716081908662090e+03
4.037931346202296481e+03,2.612245799576547597e+03
4.038436451041726286e+03,2.622256015013814704e+03
4.040430548311919210e+03,2.673922416432998943e+03
4.051104896040772928e+03,2.737742107953017694e+03
4.054633209988647195e+03,2.916015379066380774e+03
4.061360376202906082e+03,2.817492439519347954e+03
4.070419706242273605e+03,2.878099674840613716e+03
4.079880265529847748e+03,3.185422091004065805e+03
4.083678815867888716e+03,3.427013492574008524e+03
4.089342353052823000e+03,3.557452466696811825e+03
4.090358666973573236e+03,3.555868868554507571e+03
4.092276026930570424e+03,3.532349015054735901e+03
4.094870327639226161e+03,3.399492465347347661e+03
4.106530804804136096e+03,3.610448678981645116e+03
4.114750632845546534e+03,3.971005369385946324e+03
4.118327510715482276e+03,3.927737066666961709e+03
4.123908422825043999e+03,3.893247016876549878e+03
4.126013535933515413e+03,3.909663907257371193e+03
4.128002685001436475e+03,3.863148283559743504e+03
4.136548332480670979e+03,4.065295604224257659e+03
4.141076408490275753e+03,4.122172817328221754e+03
4.147863982615344867e+03,3.996836269465358782e+03
4.154149968516717308e+03,4.133357671774884693e+03
4.163777358669573005e+03,4.612278331190710560e+03
4.171374281681344655e+03,4.557356427257056566e+03
4.180916077965960540e+03,4.520339502327696209e+03
4.186218746486793862e+03,4.629025221781598702e+03
4.186861104635334414e+03,4.653470602581650382e+03
4.193800659932951021e+03,4.708898884975616056e+03
4.195395655121909840e+03,4.684891579921228185e+03
4.206809139749494534e+03,4.844135215923959549e+03
4.210234320904315609e+03,4.929281183498390419e+03
4.213507691151339714e+03,4.991754745442476633e+03
4.219555358605047331e+03,4.826259745188822308e+03
4.222068392654660784e+03,4.671034324134137933e+03
4.232269612463743215e+03,4.638692877793338084e+03
4.238379551894108772e+03,4.954946684765798636e+03
4.242396424632634989e+03,5.281504812812851014e+03
4.257962290432939881e+03,5.420833640669600754e+03
4.267360525216317910e+03,5.661371350305917986e+03
4.280275931837398275e+03,5.877578084500526529e+03
4.287742150985377521e+03,5.984501547736284010e+03
4.296532497543443242e+03,5.856702675952666141e+03
4.305089562626697443e+03,5.965844636586407432e+03
4.317471063238916940e+03,6.477919473602447397e+03
4.332893244991522806e+03,6.668923060565562992e+03
4.335387013897843644e+03,6.728205966367253495e+03
4.346449147090595943e+03,6.660486893238155972e+03
4.350162140442889722e+03,6.767420401948390463e+03
4.362513203533196247e+03,7.041053753279418743e+03
4.364783792472863752e+03,7.103254040602115310e+03
4.370210332519262920e+03,6.969854863695426502e+03
4.379001772674697349e+03,6.663667463329192287e+03
4.395479355303407829e+03,6.925572273680901162e+03
4.397745099138993282e+03,7.010600685790725038e+03
4.410827073555072275e+03,6.880397706421095791e+03
4.421115681854626018e+03,7.241877356590837735e+03
4.424486596576089141e+03,7.260370664472473436e+03
4.433394616743902588e+03,7.395221444487169720e+03
4.439765293405941520e+03,7.718227262033523402e+03
4.441105705419149672e+03,7.746028161912983705e+03
4.447361369520448534e+03,7.867882416308901156e+03
4.453321324476868540e+03,7.994261248303981120e+03
4.464952442982696084e+03,8.212504317197426644e+03
4.474315024038663978e+03,8.238636130150245663e+03
4.480146716806943004e+03,8.287048377479382907e+03
4.486360103968044314e+03,8.467710063888074728e+03
4.487475087707122839e+03,8.498987538163388308e+03
4.487864274774295154e+03,8.492272427907393649e+03
4.489533671329883873e+03,8.478224995199132536e+03
4.493241501914882065e+03,8.468975201230974562e+03
4.499473049858389459e+03,8.430546600911451605e+03
4.510021083212387566e+03,8.348670934764477352e+03
4.511758917594399463e+03,8.423506611230674025e+03
4.519937974669850519e+03,8.592113123304119654e+03
4.520126433161796740e+03,8.598264341363272251e+03
4.522637449807191842e+03,8.689408262285971432e+03
4.537808549321932333e+03,8.869370757590882931e+03
4.541147258955899815e+03,8.959377897288246459e+03
4.544640010122941931e+03,9.016275838922383628e+03
4.548552653324827588e+03,8.960986977475155072e+03
4.552506627399471654e+03,8.895465579608497137e+03
4.559398235282737915e+03,8.984158974889931415e+03
4.562121277555964298e+03,9.074004698647995610e+03
4.563171376118936678e+03,9.122877314339941222e+03
4.568974100092668778e+03,9.209013633550437589e+03
4.574608724404994064e+03,9.023761898061900865e+03
4.577180541500981235e+03,8.988836873015388846e+03
4.577943970112752140e+03,8.957311950989433171e+03
4.584315926074930758e+03,8.759305127906132839e+03
4.589923540841890826e+03,8.655233424278265375e+03
4.594741000457755035e+03,8.699783027022040187e+03
4.600430418661489966e+03,8.763556989970726136e+03
4.602725045748766206e+03,8.778013747673085163e+03
4.609492794191909525e+03,8.944225110229903294e+03
4.615931757155985906e+03,9.200110148979258156e+03
4.622287207208611107e+03,9.148582327365882520e+03
4.629014238051682696e+03,9.264402139347026605e+03
4.632458681653282838e+03,9.448964954106242658e+03
4.635526855873595196e+03,9.489233764559758129e+03
4.636145373719504278e+03,9.482603651676361551e+03
4.637862193046251377e+03,9.410204326144508741e+03
4.639927858436178212e+03,9.332369270759751089e+03
4.642962262697948972e+03,9.226094183799197708e+03
4.651511046871471081e+03,9.303913017621958716e+03
4.651751539157790830e+03,9.309312016104961003e+03
4.652822268607835213e+03,9.328308646375347962e+03
4.654304626865594400e+03,9.343562295354426169e+03
4.661684632133287778e+03,9.494523597670002346e+03
4.671903843441993558e+03,9.640900253175388571e+03
4.684199597169538720e+03,9.530896494723387150e+03
4.690946321027761769e+03,9.495131317120547465e+03
4.698964310620707693e+03,9.296822361341324722e+03
4.707537696521979342e+03,9.393598664580589684e+03
4.712392149327867628e+03,9.709760310255631339e+03
4.717841689098891948e+03,9.753377720709204368e+03
4.721415222263114629e+03,9.801812088393444355e+03
4.722864297150385028e+03,9.838525706082524266e+03
4.726394339440559634e+03,9.813578250203145217e+03
4.733778123593132477e+03,9.437452740456315951e+03
4.740865074173459107e+03,9.523114541811497475e+03
4.744645953228432518e+03,9.569760492721457922e+03
4.747645906270076011e+03,9.596721236262992534e+03
4.748627833009993083e+03,9.607227007685030912e+03
4.751455965933752850e+03,9.581286386116495123e+03
4.758275753082414667e+03,9.713444124180770814e+03
4.760609413110872993e+03,9.795377154009425794e+03
4.761681375096669399e+03,9.811825176605369052e+03
4.768595366999862563e+03,9.844960929921136994e+03
4.770066877530048259e+03,9.900318513722755597e+03
4.775344183782606706e+03,1.006825282496595537e+04
4.785708796648413227e+03,1.012754361097050605e+04
4.791283075246840781e+03,1.029004153500424036e+04
4.795655994334468232e+03,1.050722081722242729e+04
4.798384093007256524e+03,1.057509281960483895e+04
4.800064925871856758e+03,1.063429536030078634e+04
4.804894590701245761e+03,1.063217997401880530e+04
4.807643980911315339e+03,1.052797450449024109e+04
4.813853926119854805e+03,1.049847632841339509e+04
4.821181365641416050e+03,1.062095907330030786e+04
4.821695990540673847e+03,1.059926640618207603e+04
4.827239729414436624e+03,1.049646733863492773e+04
4.831331212297041930e+03,1.047819831067633459e+04
4.836514971766038798e+03,1.052245842994873601e+04
4.847036603402233595e+03,1.046123868970199328e+04
4.851808336798010714e+03,1.043137599811615110e+04
4.868448993676116515e+03,1.086019400251059596e+04
4.870942292651007847e+03,1.095530199381543025e+04
4.875038295321627629e+03,1.104026121341578437e+04
4.880553827976733373e+03,1.122021719273350209e+04
4.881840054878765841e+03,1.127877812979211922e+04
4.884380941637535216e+03,1.130547975468270852e+04
4.896451893264600585e+03,1.109987262871290841e+04
4.900381372046711476e+03,1.126986905839628162e+04
4.902637548661701658e+03,1.142912586724729226e+04
4.906727470919544430e+03,1.150672510553619577e+04
4.913417747585009238e+03,1.148792023501261974e+04
4.915868488152453210e+03,1.141679521197165559e+04
4.930129930632739161e+03,1.121715914830033216e+04
4.945166707866940669e+03,1.179401863117972061e+04
4.948961950465924019e+03,1.182466285115849314e+04
4.952049794399650636e+03,1.190004655825549889e+04
4.962897258946355578e+03,1.180034801663652615e+04
4.964826159168953382e+03,1.177501176606696390e+04
4.975933967829796529e+03,1.188780476799102507e+04
4.978598555844702787e+03,1.199856559979603480e+04
4.981862751375269909e+03,1.198621819691835844e+04
4.987823554467613576e+03,1.217132843910321208e+04
4.993816475101307333e+03,1.231242790639779923e+04
4.994307880734150785e+03,1.231869378562497513e+04
4.999816596289972040e+03,1.229915735443183439e+04
5.011838474948795010e+03,1.191677095142021972e+04
5.012298216596079328e+03,1.192138189981676078e+04
5.017902092920524410e+03,1.208971348742073496e+04
5.025556888547255767e+03,1.254223071663531118e+04
5.031368580628015479e+03,1.277383953357258542e+04
5.039085939158797373e+03,1.279609097926310824e+04
5.046082918778492058e+03,1.265724122498249017e+04
5.056470112723906823e+03,1.260930570069105306e+04
5.063947265334481926e+03,1.286357065474702358e+04
5.071934518194238990e+03,1.286897824345117260e+04
5.075386875526098265e+03,1.285333729446587495e+04
5.078934756968745205e+03,1.291805937048430678e+04
5.086937165460528377e+03,1.283359414659494723e+04
5.094459370607325582e+03,1.305948105334193497e+04
5.113586480562948964e+03,1.306751899642488934e+04
5.118987711544764352e+03,1.314032060185946102e+04
5.133187751401443165e+03,1.308703120110662712e+04
5.137033051859639272e+03,1.309924127727119412e+04
5.144663655473868857e+03,1.329957566537997263e+04
5.145444501688517448e+03,1.329301835028214919e+04
5.150166425325902310e+03,1.330398037575299895e+04
5.158659603501835591e+03,1.345966608867761352e+04
5.161843850675899375e+03,1.327431534065721280e+04
5.200546721337780582e+03,1.390806611216752754e+04
5.213155578955054807e+03,1.399950824760538126e+04
5.213694653720855058e+03,1.399717080923013600e+04
5.219985077792110133e+03,1.405281003267805499e+04
5.223111358008326533e+03,1.414367658176352961e+04
5.239330066186923432e+03,1.403801161138197494e+04
5.249335831742183473e+03,1.412311584828927153e+04
5.258422253516473575e+03,1.419371668208009760e+04
5.260474786923229658e+03,1.419457441912115792e+04
5.262378920626196305e+03,1.416543779191246722e+04
5.277988909337663245e+03,1.437645644686771084e+04
5.288050864832270236e+03,1.429162782117446113e+04
5.294960818798984292e+03,1.437537912267467618e+04
5.305656798504009203e+03,1.485899692512748334e+04
5.310933170986413643e+03,1.495887906384025700e+04
5.313404953511429085e+03,1.507126377404982122e+04
5.319203534217425840e+03,1.516011364803700053e+04
5.335880805292033074e+03,1.513243677932718310e+04
5.346195782913127914e+03,1.509326706084247780e+04
5.348585854377346550e+03,1.517304540338491279e+04
5.353878131914108053e+03,1.541304250389321714e+04
5.362036515439622235e+03,1.562717426096926283e+04
5.363297570699444805e+03,1.561107356712678484e+04
5.376740393074885105e+03,1.554455968271139682e+04
5.380211790734301758e+03,1.568443344416830405e+04
5.387260141701663088e+03,1.557011079943952427e+04
5.391457616882562434e+03,1.546542261401261203e+04
5.403637082874233784e+03,1.530573537548396962e+04
5.413378794815313995e+03,1.519771996545641741e+04
5.419873985320737120e+03,1.511938435789089817e+04
5.420741804737523125e+03,1.511194772043621560e+04
5.427797990508445764e+03,1.522311721201078763e+04
5.441484155093140544e+03,1.579003795385356534e+04
5.443408416996648157e+03,1.588927111362698452e+04
5.451339555486919380e+03,1.603580960512881029e+04
5.453858493595231266e+03,1.614790706433562809e+04
5.462560956747376622e+03,1.651249882180018540e+04
5.470255424914747891e+03,1.639935058573838251e+04
5.472700958509844895e+03,1.635038476064033239e+04
5.480921574794121625e+03,1.642841265349792593e+04
5.485695189039071920e+03,1.657569346696844514e+04
5.492744318016788384e+03,1.654833951823762618e+04
5.500040991766512889e+03,1.650186786858915366e+04
5.503977514501403675e+03,1.661069678790679245e+04
5.506575877079832026e+03,1.672521980564212936e+04
5.510443555628253307e+03,1.675398849615150903e+04
5.520469886522762863e+03,1.692207338357966000e+04
5.524153847985582615e+03,1.696062575291595931e+04
5.532811609818419129e+03,1.707087579983666001e+04
5.535349730954516417e+03,1.716500051210238598e+04
5.538470907624604479e+03,1.708513450445199487e+04
5.549325596579056764e+03,1.728133786213861822e+04
5.552074999522052167e+03,1.739456575247534056e+04
5.557272033320727132e+03,1.743499754709433910e+04
5.560730150863763811e+03,1.751052389897542525e+04
5.565731071620180046e+03,1.745519601250377673e+04
5.575997488779211380e+03,1.747384993810223386e+04
5.582455035696119012e+03,1.755067784673993083e+04
5.585509619480521906e+03,1.752736935219801308e+04
5.592808266058965273e+03,1.765226030463900315e+04
5.607864385762753045e+03,1.799205922630993882e+04
5.612327343893678517e+03,1.804895221517474420e+04
5.612851529963164467e+03,1.802920900676645761e+04
5.614611655579786202e+03,1.796582662045976394e+04
5.622060844120646834e+03,1.791999755843474122e+04
5.630233502416073861e+03,1.805455196529213936e+04
5.641023423869517501e+03,1.807867486137369633e+04
5.644976120461425126e+03,1.795739822063333122e+04
5.648394610944005763e+03,1.791927265102119418e+04
5.648969271158003721e+03,1.791617383734510076e+04
5.650523972904856237e+03,1.787745223097923372e+04
5.654568200232740310e+03,1.779844007952810352e+04
5.657794343038841362e+03,1.776406719926313599e+04
5.666330790784330020e+03,1.794831159694527378e+04
5.670528186093521072e+03,1.799354974184642560e+04
5.673820209888343925e+03,1.790311600255378653e+04
5.679510073890794956e+03,1.784133481998024217e+04
5.686741866045482311e+03,1.789303778515545491e+04
5.693137766525200277e+03,1.795860365133522646e+04
5.695378980595894973e+03,1.801811502387034125e+04
5.697098475636928924e+03,1.802307003966832053e+04
5.698618903529555610e+03,1.802774052686390496e+04
5.701271120412917298e+03,1.804859329073843764e+04
5.706246164974501880e+03,1.800714021219662391e+04
5.715036808827338064e+03,1.833858528464942356e+04
5.717362924994303285e+03,1.840360246007976457e+04
5.720901579879320707e+03,1.852814200757236540e+04
5.724003279345814917e+03,1.866293839135648159e+04
5.727498283423946305e+03,1.876256256405797467e+04
5.736388634945837111e+03,1.878742958371737768e+04
5.739058430390075046e+03,1.887323580933254925e+04
5.743530008648719559e+03,1.895531373266565060e+04
5.745666487968572255e+03,1.902129153238738945e+04
5.750440508618892636e+03,1.913428283673437909e+04
5.751802502195575471e+03,1.915948963397244370e+04
5.757148085078451004e+03,1.929500345901815672e+04
5.758655726585662705e+03,1.931567083570818068e+04
5.768421732743858229e+03,1.947439414933341686e+04
5.772011242177628446e+03,1.950239915983932588e+04
5.775159914910954285e+03,1.954176439545450557e+04
5.778512682631149801e+03,1.966075871360694146e+04
5.780758583325490690e+03,1.969943792238070091e+04
5.790397901882023689e+03,1.963852163773826760e+04
5.793740190815823553e+03,1.967786638693786881e+04
5.796639690690747557e+03,1.975368016403369256e+04
5.798322065450076479e+03,1.981446530826224262e+04
5.802317243477496049e+03,1.987917910892290456e+04
5.804543354281319807e+03,1.993140521875249033e+04
5.811614495157432430e+03,2.028523091384005966e+04
5.815512143181487772e+03,2.028388593619557287e+04
5.820247129233081978e+03,2.029351190563368073e+04
5.822557803622403299e+03,2.025004913210874292e+04
5.827424868756153046e+03,2.028071179275581744e+04
5.827765035283579891e+03,2.028497994214690334e+04
5.831634611660932933e+03,2.038513838309514904e+04
5.832227914470802716e+03,2.039514320092606431e+04
5.834047104183411648e+03,2.043274086143338354e+04
5.840598938692503907e+03,2.042543168731462356e+04
5.843190548001144634e+03,2.039301247927728036e+04
5.844818198570679670e+03,2.035309067038264402e+04
5.846787579403536256e+03,2.031650242654277099e+04
5.846924095730660156e+03,2.031492960532289726e+04
5.850923487757659132e+03,2.021504424471718448e+04
5.852006720480328113e+03,2.019063486833688512e+04
5.866107009298048979e+03,1.979551971919171410e+04
5.871578408723211396e+03,1.990514219565074018e+04
5.873517623610822739e+03,1.996972831629923894e+04
5.878309641300849762e+03,2.003681003314049667e+04
5.881751720589435536e+03,2.009162984730158496e+04
5.883311616320483154e+03,2.013819088504903630e+04
5.904376279316476939e+03,2.100153800317596688e+04
5.912732524847655441e+03,2.111589811258318878e+04
5.918948240389294369e+03,2.122413712663913975e+04
5.925002502336749785e+03,2.141788895053397209e+04
5.927325109078420610e+03,2.146943188298062523e+04
5.928699334766912216e+03,2.148577191422088072e+04
5.933912423082673740e+03,2.149960458593586009e+04
5.937832674418891656e+03,2.155082638474746273e+04
5.940487243202136597e+03,2.148181810571738242e+04
5.947634718161811179e+03,2.151323452052966604e+04
5.957065466483910313e+03,2.159717533973904574e+04
5.962611759896643889e+03,2.153814800246408777e+04
5.966411662084849922e+03,2.157184949676726683e+04
5.968053729900810140e+03,2.155017158139518506e+04
5.974118366171144771e+03,2.154607372027292149e+04
5.981775167488084662e+03,2.163272338254150964e+04
5.983810654368548967e+03,2.167216022523552238e+04
5.989271972227730657e+03,2.184122423035477550e+04
5.994528324432644695e+03,2.176924978849527179e+04
5.995508154489085427e+03,2.177073290737496427e+04
5.997198237675709606e+03,2.176284669608391778e+04
5.997778376027864397e+03,2.175565063864148033e+04
6.003012158821390585e+03,2.168308019204646189e+04
6.006547293367103521e+03,2.157996865404554774e+04
6.012580852849171606e+03,2.158266069084270202e+04
6.020216667632502322e+03,2.168013882070791442e+04
6.027047938307216100e+03,2.148471883277006054e+04
6.029279825262777194e+03,2.148692924926771957e+04
6.034198924418054958e+03,2.150469562025716732e+04
6.040350924034018135e+03,2.150521797108123428e+04
6.047991746140291070e+03,2.168338440734146934e+04
6.048627236151810393e+03,2.170688788063476750e+04
6.052714123781624949e+03,2.185952110455981165e+04
6.061876753467770868e+03,2.193368878794298871e+04
6.070334415878682194e+03,2.203358342448034455e+04
6.073666084831544140e+03,2.211505527427807101e+04
6.077029987402172992e+03,2.226208943033620017e+04
6.082485086949748620e+03,2.235769644245504242e+04
6.086026422263215863e+03,2.243406538846378680e+04
6.087234397594342227e+03,2.244206540099951599e+04
6.090037011279908256e+03,2.248827110410018213e+04
6.096113768330969833e+03,2.251811864119891106e+04
6.097191551732745211e+03,2.251552472173023489e+04
6.107511303241264613e+03,2.263738692966424060e+04
6.110873567996532074e+03,2.276389005913555229e+04
6.113442361996008003e+03,2.282764595228393955e+04
6.116144837979441036e+03,2.286648877833408187e+04
6.116828294674841345e+03,2.288320929719668493e+04
6.118950557309758551e+03,2.289803082123112836e+04
6.128407646799062604e+03,2.300099187321868158e+04
6.141760221700874354e+03,2.302214843137376010e+04
6.147488726703124485e+03,2.294115445001993794e+04
6.154423359148933741e+03,2.304542278651653396e+04
6.161078101441316903e+03,2.280469223979286107e+04
6.168490986891931243e+03,2.287070916342544297e+04
6.175655297869637252e+03,2.307153237702972183e+04
6.177674334861183524e+03,2.305316754285334173e+04
6.184168568485481046e+03,2.310044473536734222e+04
6.186025317434381577e+03,2.311655470380998668e+04
6.191010349175616284e+03,2.290428513355152245e+04
6.197425578987148583e+03,2.274553613498409322e+04
6.202968062510903110e+03,2.270234416280593359e+04
6.207138529805707549e+03,2.274080322892406548e+04
6.210545282928199413e+03,2.281173225333280789e+04
6.218484361729528246e+03,2.289824598448774850e+04
6.226111686990718226e+03,2.290341035710140204e+04
6.230100295195533363e+03,2.292211834779151104e+04
6.236795260411186973e+03,2.310748817656381289e+04
6.242778987241861614e+03,2.308731190783207057e+04
6.243643199227069999e+03,2.309542280094497255e+04
6.252458741425438348e+03,2.336640362872256082e+04
6.265224729966623272e+03,2.325254489681505220e+04
6.270691891861162730e+03,2.326411337172187632e+04
6.274709059298425927e+03,2.336502195736006979e+04
6.284784203585219984e+03,2.342330640657239928e+04
6.289523639781004931e+03,2.355009283844021411e+04
6.301450928342314910e+03,2.341759812685993529e+04
6.309706149414289939e+03,2.347724327856316813e+04
6.314064213254669994e+03,2.341905194710682190e+04
6.322156710292734715e+03,2.336408816433995526e+04
6.324740482633067586e+03,2.341219189179273963e+04
6.327430836554441157e+03,2.340165698949529906e+04
6.329531162642957497e+03,2.336528167169791050e+04
6.334019118423396321e+03,2.331436001429423050e+04
6.334991047756316220e+03,2.331425886269715556e+04
6.349556128469692339e+03,2.339891089662387094e+04
6.352458328459179029e+03,2.335300042176206625e+04
6.357651701800815317e+03,2.325519713719400170e+04
6.367626387609118865e+03,2.302373861141104499e+04
6.373852566588961054e+03,2.308756478267047714e+04
6.381425672969269726e+03,2.295445496928253851e+04
6.386280590785905588e+03,2.292631009429063852e+04
6.390158658454343822e+03,2.288041848580973965e+04
6.392290467215838362e+03,2.288999634009519286e+04
6.405363323086707169e+03,2.287715749256976778e+04
6.411401850208223550e+03,2.296522606511487538e+04
6.417242720523426215e+03,2.319659533986437964e+04
6.417927712984423124e+03,2.322857145636269706e+04
6.425167412271710418e+03,2.349883083579483718e+04
6.429101260514315982e+03,2.352406594568704531e+04
6.430838493728946560e+03,2.355244624855237271e+04
6.437631073505079257e+03,2.357766222516160633e+04
6.443474346579096164e+03,2.367161625344881759e+04
6.447365639761188504e+03,2.383080490394916342e+04
6.455715116406535344e+03,2.373992243933038117e+04
6.459258299392565277e+03,2.376930612558925714e+04
6.468173310073353605e+03,2.376310808033624198e+04
6.469618980008349354e+03,2.377824928095231735e+04
6.475167308368427257e+03,2.363941367168294164e+04
6.478958881225648838e+03,2.365011728265257261e+04
6.487305994511646531e+03,2.365501437879105652e+04
6.489881495428416201e+03,2.368542188132214869e+04
6.493335136135859102e+03,2.375625589373217736e+04
6.499445757370176580e+03,2.365167684807919068e+04
6.506137190268948871e+03,2.374651136669215339e+04
6.509458349053403253e+03,2.369413728705956237e+04
6.514921323708313139e+03,2.372259189963494646e+04
6.518920996337045835e+03,2.385126240376570058e+04
6.529780298279045383e+03,2.393198990348401276e+04
6.532198352958487703e+03,2.396845511143034309e+04
6.539752366628963500e+03,2.398740676317900943e+04
6.542217757396091656e+03,2.403764861865048442e+04
6.550941349258456285e+03,2.377029163704929670e+04
6.555269242012311224e+03,2.352034735835175525e+04
6.572872506718438672e+03,2.350824782246395625e+04
6.573935905713575266e+03,2.355539815291708510e+04
6.574966580223733217e+03,2.360238147641329124e+04
6.578728816503001326e+03,2.357186926836169368e+04
6.581088167108753623e+03,2.349411359960271147e+04
6.588467966283216811e+03,2.335053240764460497e+04
6.591875126669873680e+03,2.333337953596414445e+04
6.604629125741049393e+03,2.345196413619374289e+04
6.607857295344949307e+03,2.350612375180764138e+04
6.614230120555816939e+03,2.371984759389593819e+04
6.616282198159205109e+03,2.369372171076178347e+04
6.622088832034230109e+03,2.367454646135048097e+04
6.624784133640597247e+03,2.363307036248676741e+04
6.628530656426220958e+03,2.365011321403604597e+04
6.630764105060767179e+03,2.366828532743346659e+04
6.640425240949324689e+03,2.375313905419315779e+04
6.643283115819424893e+03,2.377532997316808178e+04
6.647317248222087983e+03,2.375536320708818312e+04
6.651631158075131680e+03,2.380394923251972432e+04
6.657213449332238270e+03,2.363699210734184817e+04
6.660856114812140731e+03,2.355542747968464755e+04
6.674834429262707090e+03,2.343513068001721331e+04
6.688462805452334578e+03,2.392176194749122806e+04
6.696621912398234599e+03,2.375095469056674483e+04
6.700967819502002385e+03,2.379637124225837397e+04
6.705875714018075996e+03,2.381579750761016840e+04
6.712466212927452943e+03,2.379221092341650728e+04
6.722661214030464180e+03,2.396183853970138807e+04
6.733859909031974894e+03,2.392530516820380217e+04
6.742108127512923602e+03,2.369239956867980436e+04
6.752336887927314820e+03,2.380668355774267184e+04
6.758803965330757819e+03,2.405720954534042903e+04
6.764149043195265222e+03,2.397412049828913223e+04
6.772219764433396449e+03,2.388634308625645644e+04
6.775247354492878912e+03,2.395213793353764777e+04
6.777202450486610360e+03,2.392326752008980111e+04
6.780944697961714155e+03,2.384801110408463865e+04
6.787054311105415763e+03,2.388779374112793812e+04
6.790009263783690585e+03,2.383426151911842680e+04
6.792852213412787023e+03,2.381956026237158949e+04
6.794132495611667764e+03,2.382170126177546263e+04
6.803577776836503290e+03,2.389469192366269635e+04
6.807516238973788859e+03,2.389111010841344614e+04
6.814820339068253816e+03,2.351023726394193000e+04
6.815729639807399508e+03,2.348363903430807841e+04
6.818515128135118175e+03,2.343047388411296561e+04
6.824374050346513286e+03,2.332028532053916933e+04
6.827254160811186921e+03,2.333907869775702420e+04
6.830568360129118446e+03,2.333279070512305043e+04
6.837064753485211440e+03,2.331579282127413535e+04
6.837965618182826802e+03,2.332698194505818901e+04
6.838752546486573920e+03,2.331700892810007645e+04
6.849847599602128867e+03,2.350073204185558643e+04
6.854098615700761002e+03,2.348772101589386511e+04
6.859038590433875470e+03,2.343066017507456127e+04
6.866306359699471614e+03,2.347754239779603449e+04
6.882804666776509293e+03,2.356892631093477758e+04
6.886019504499353388e+03,2.353090971668153361e+04
6.892476675418186460e+03,2.343968934554863881e+04
6.900228670481998051e+03,2.348455563813466870e+04
6.902968104274982579e+03,2.348654111740075314e+04
6.912115092538815588e+03,2.354639819421110951e+04
6.917350679942094757e+03,2.369568712099325057e+04
6.922647959464060477e+03,2.368661940122406668e+04
6.928654136040619960e+03,2.379941511523872396e+04
6.931543575544051237e+03,2.383063957542961725e+04
6.936250160955270985e+03,2.377992442310320257e+04
6.942140781551221153e+03,2.376517656244272075e+04
6.945476000746512909e+03,2.375298881964504471e+04
6.951258524958856469e+03,2.386007722801270575e+04
6.959958750651521768e+03,2.406170802021160853e+04
6.969971660733401222e+03,2.418714051075869429e+04
6.971494604698800686e+03,2.421246070848765521e+04
6.974797397004725099e+03,2.418282925784953113e+04
6.982164533932158520e+03,2.415795878356984758e+04
6.984528786171392312e+03,2.418345723057569921e+04
6.993667210178901769e+03,2.410542274604504928e+04
6.997505645150440614e+03,2.420692351004223383e+04
7.010179249984170383e+03,2.446583922990759675e+04
7.015231717173684956e+03,2.436558696962175600e+04
7.023215479117316136e+03,2.441395353988594434e+04
7.034832713771305862e+03,2.444816527032116937e+04
7.042533399145320800e+03,2.453631928509456338e+04
7.050795167815394962e+03,2.469010344211381016e+04
7.052818014696944374e+03,2.464148764941686750e+04
7.059254996614661650e+03,2.453460128979014553e+04
7.065591799101744982e+03,2.458549705538866692e+04
7.067041346343395162e+03,2.456439148644975285e+04
7.075402666075689922e+03,2.443159050406360620e+04
7.075520667963786764e+03,2.443157930245760872e+04
7.078636629698923571e+03,2.438528047966656959e+04
7.082746130517034544e+03,2.437219874928398713e+04
7.083454906232354006e+03,2.436953183100439492e+04
7.087850899048613428e+03,2.431177330272035397e+04
7.092994834956219165e+03,2.431554459948947988e+04
7.096591893443199297e+03,2.434904884256781952e+04
7.101422391740577041e+03,2.436767684033893238e+04
7.106919895665446347e+03,2.425328101543660887e+04
7.108093405253305718e+03,2.425056400429845235e+04
7.112196284249076598e+03,2.417858261537449289e+04
7.118260070440774143e+03,2.405474007302344762e+04
7.120777287487147987e+03,2.403379604596056743e+04
7.128072741545413919e+03,2.407434580306915814e+04
7.136399152972679076e+03,2.420314463202319894e+04
7.141137649019544369e+03,2.427080211681373112e+04
7.145295351434477197e+03,2.427048658569282270e+04
7.145962715266997293e+03,2.425516197977753836e+04
7.153319762589397214e+03,2.416768837741274183e+04
7.155455558105139971e+03,2.413980394701777186e+04
7.158654477642950042e+03,2.413077701269634417e+04
7.159239509344954058e+03,2.412420470384746295e+04
7.169802174454285705e+03,2.414599683428148273e+04
7.176310020510336471e+03,2.413062588977110863e+04
7.181242687497414408e+03,2.427463512805438222e+04
7.184297371634683259e+03,2.425378243503770500e+04
7.198125563838613743e+03,2.425097380076063200e+04
7.200791114654678495e+03,2.421759949197502647e+04
7.206702070013536286e+03,2.422050774164239556e+04
7.214687150747215128e+03,2.445580777506745289e+04
7.218767282153190536e+03,2.460591179586530416e+04
7.223885751044344943e+03,2.468130147764638969e+04
7.232589447547192322e+03,2.465910917912072546e+04
7.240059829827690919e+03,2.475949444190889699e+04
7.249665582465257103e+03,2.461313741527911407e+04
7.255773967777429789e+03,2.438026908801131867e+04
7.264915906850179454e+03,2.440202475448811310e+04
7.276059189209777287e+03,2.444340165973077092e+04
7.287195257018574921e+03,2.409863800290974905e+04
7.297800653233900448e+03,2.389686399371595326e+04
7.298920470902276065e+03,2.387196821440683561e+04
7.307933951823319148e+03,2.355914351421200263e+04
7.317544328507973660e+03,2.372138365738826542e+04
7.321804738154354709e+03,2.358456390500073394e+04
7.324589382508919698e+03,2.351198786703577207e+04
7.331531173127542388e+03,2.338986346635048176e+04
7.333463333484810391e+03,2.340130830166774103e+04
7.338026719630510343e+03,2.340767586722281703e+04
7.339948350531792130e+03,2.337345752857399930e+04
7.349037009882963503e+03,2.336162291541504237e+04
7.361377345264176256e+03,2.354528806457494284e+04
7.367567568726920399e+03,2.368586821323825279e+04
7.373135842343347576e+03,2.365018496691219843e+04
7.375497174996276954e+03,2.367477819815684779e+04
7.380566754114858668e+03,2.367966895857843701e+04
7.380948343958483747e+03,2.367089810491135722e+04
7.385504326657991442e+03,2.357504881626280985e+04
7.393601205759047843e+03,2.344202225096079201e+04
7.397696154963512527e+03,2.344518721780436317e+04
7.404830725589295980e+03,2.362662596913860398e+04
7.414420140035526856e+03,2.356492186537558518e+04
7.419417481755030167e+03,2.346737244221840228e+04
7.428802772415006075e+03,2.343703465780849365e+04
7.436612245387818803e+03,2.315018150529731793e+04
7.438013860199767805e+03,2.312750529516421739e+04
7.440445606209386824e+03,2.307182660997316634e+04
7.443871249665947289e+03,2.301367166080252719e+04
7.452541692009944200e+03,2.300263299012360585e+04
7.460351236115402571e+03,2.285949531012151056e+04
7.467359424216381740e+03,2.279939098823821405e+04
7.469588983819748137e+03,2.276097548332896986e+04
7.473289777650944416e+03,2.275092330671734817e+04
7.480272694057767694e+03,2.256583535005696467e+04
7.485676457402441883e+03,2.241096609526819520e+04
7.489285298289257298e+03,2.226030462230064586e+04
7.490971685145201263e+03,2.221037903410473518e+04
7.491883741401463340e+03,2.218476103990350748e+04
7.495033062981355215e+03,2.206807457283127951e+04
7.499484360845909578e+03,2.199209499927422075e+04
7.505440226943979724e+03,2.199121043078710500e+04
7.516563816077456977e+03,2.186344097045761009e+04
7.519171723600996302e+03,2.187215319041269322e+04
7.519372369346035157e+03,2.186598356202869036e+04
7.525306378542533821e+03,2.170403566383216457e+04
7.531634450848017877e+03,2.158926345182672594e+04
7.537201019579457352e+03,2.158432355466690206e+04
7.539451432069482507e+03,2.154215458402889635e+04
7.544117834568404760e+03,2.153360664415880092e+04
7.546735302089555262e+03,2.154218386893090064e+04
7.550298026418758127e+03,2.155800310537020050e+04
7.552401200494950899e+03,2.158755276744278672e+04
7.554013610751998385e+03,2.162115645365313321e+04
7.558878120062691778e+03,2.157007495898766501e+04
7.565991481714244401e+03,2.157405389690427546e+04
7.572808419922826943e+03,2.143931684662647604e+04
7.582931525690116359e+03,2.109128924656721574e+04
7.590371331430156715e+03,2.065195241026600706e+04
7.593397420133379455e+03,2.052359608963576829e+04
7.620229037275988958e+03,1.937058178289660646e+04
7.675034599883727424e+03,1.764350761724723998e+04
7.680630297297057950e+03,1.785161004782281088e+04
7.686089068843377390e+03,1.796477220864331321e+04
7.689102023231386738e+03,1.802300992048286571e+04
7.695888698365097298e+03,1.806694768092958475e+04
7.703349397222297739e+03,1.829880045009676542e+04
7.710495840201103420e+03,1.834000160420516477e+04
7.718279627770784828e+03,1.861508253469321789e+04
7.728133188372824407e+03,1.835011664056508380e+04
7.730389038269921912e+03,1.830863353033781823e+04
7.738696237714938434e+03,1.821704462316929130e+04
7.740077335733248219e+03,1.823315510201903089e+04
7.752014086186062741e+03,1.870470072081559920e+04
7.766041274876148236e+03,1.835892457959476451e+04
7.769111484627203026e+03,1.829818332118672697e+04
7.772727337695651840e+03,1.828340377585533497e+04
7.775359284840951659e+03,1.825634315688872084e+04
7.786389435122589020e+03,1.812696383973893899e+04
7.795549841759998344e+03,1.791987910733199897e+04
7.803107156070953351e+03,1.764509268744996007e+04
7.808275317054114566e+03,1.754549687802229528e+04
7.810919301210192316e+03,1.749926518866937840e+04
7.819339121316905221e+03,1.743004352961392578e+04
7.821634638935257499e+03,1.742252639281850497e+04
7.825823085576756966e+03,1.734593061499945907e+04
7.829530621727920334e+03,1.721435972449286055e+04
7.835983831223942616e+03,1.698988994074412403e+04
7.840546085937367025e+03,1.695662090211403120e+04
7.843070192532813962e+03,1.687939529089163989e+04
7.849089474765335581e+03,1.673813607593759662e+04
7.854641774090403487e+03,1.664504762660839333e+04
7.860224218937153637e+03,1.654161257546439811e+04
7.865062923599117312e+03,1.648822776838012942e+04
7.872149324381667611e+03,1.659760508051111901e+04
7.886472812714402608e+03,1.708763474126979781e+04
